Session:,"Level 3 Term 2"
Course:,"CSE345-Artificial Intelligence"
Faculty:,"Ahim Dey"
total,11
start,2025-02-01
end,2025-02-21
slno,roll_no,name,2025-02-01,2025-02-02,2025-02-04,2025-02-06,2025-02-11,2025-02-13,2025-02-14,2025-02-15,2025-02-17,2025-02-18,2025-02-21,attended,percent
1,1904119,SHAHRIAR,P,P,P,P,A,A,A,A,P,A,P,6,54.55
2,2004067,Rakib,P,P,P,P,P,P,P,P,P,P,P,11,100
3,2004068,FARHAN,P,P,P,P,P,P,P,P,P,P,P,11,100
4,2004069,SHAHRIAR,P,P,P,P,P,P,P,P,P,P,P,11,100
5,2004070,ABDULLAH,P,P,P,P,P,P,P,P,P,P,P,11,100
6,2004071,TAHASAN,P,P,P,P,P,P,P,P,P,P,P,11,100
7,2004072,RAFI,P,P,P,P,P,P,P,P,P,P,P,11,100
8,2004073,TOWHID,P,P,P,P,P,P,P,P,P,P,P,11,100
9,2004080,EHSUN,P,P,P,P,A,A,A,A,P,P,P,7,63.64
10,2004096,ISTIAQUE,P,P,P,P,A,A,A,A,P,A,P,6,54.55
